,Crop,Type,Year,Value
0,paddy,Area,2011-01-01,1531.0
1,paddy,Production,2011-01-01,5072.0
2,paddy,Productivity,2011-01-01,3.31
3,Maize,Area,2011-01-01,871.0
4,Maize,Production,2011-01-01,2179.0
5,Maize,Productivity,2011-01-01,2.5
6,Wheat,Area,2011-01-01,765.0
7,Wheat,Production,2011-01-01,1846.0
8,Wheat,Productivity,2011-01-01,2.41
9,Barley,Area,2011-01-01,27.3
10,Barley,Production,2011-01-01,35.0
11,Barley,Productivity,2011-01-01,1.25
12,Millet,Area,2011-01-01,278.0
13,Millet,Production,2011-01-01,315.0
14,Millet,Productivity,2011-01-01,1.13
15,Buck Wheat*,Area,2011-01-01,10.3
16,Buck Wheat*,Production,2011-01-01,10.0
17,Buck Wheat*,Productivity,2011-01-01,0.97
18,paddy,Area,2012-01-01,1420.0
19,paddy,Production,2012-01-01,4504.0
20,paddy,Productivity,2012-01-01,3.17
21,Maize,Area,2012-01-01,849.0
22,Maize,Production,2012-01-01,1999.0
23,Maize,Productivity,2012-01-01,2.35
24,Wheat,Area,2012-01-01,759.0
25,Wheat,Production,2012-01-01,1882.0
26,Wheat,Productivity,2012-01-01,2.47
27,Barley,Area,2012-01-01,28.98
28,Barley,Production,2012-01-01,37.0
29,Barley,Productivity,2012-01-01,1.27
30,Millet,Area,2012-01-01,274.0
31,Millet,Production,2012-01-01,305.0
32,Millet,Productivity,2012-01-01,1.11
33,Buck Wheat*,Area,2012-01-01,10.68
34,Buck Wheat*,Production,2012-01-01,10.05
35,Buck Wheat*,Productivity,2012-01-01,0.94
36,paddy,Area,2013-01-01,1486.951
37,paddy,Production,2013-01-01,5047.047
38,paddy,Productivity,2013-01-01,3.39
39,Maize,Area,2013-01-01,928.76
40,Maize,Production,2013-01-01,2283.0
41,Maize,Productivity,2013-01-01,2.46
42,Wheat,Area,2013-01-01,754.0
43,Wheat,Production,2013-01-01,1883.0
44,Wheat,Productivity,2013-01-01,2.5
45,Barley,Area,2013-01-01,28.0
46,Barley,Production,2013-01-01,35.0
47,Barley,Productivity,2013-01-01,1.24
48,Millet,Area,2013-01-01,271.0
49,Millet,Production,2013-01-01,304.0
50,Millet,Productivity,2013-01-01,1.12
51,Buck Wheat*,Area,2013-01-01,10.5
52,Buck Wheat*,Production,2013-01-01,10.3
53,Buck Wheat*,Productivity,2013-01-01,0.98
54,paddy,Area,2014-01-01,1425.346
55,paddy,Production,2014-01-01,4788.612
56,paddy,Productivity,2014-01-01,3.36
57,Maize,Area,2014-01-01,882.395
58,Maize,Production,2014-01-01,2145.291
59,Maize,Productivity,2014-01-01,2.43
60,Wheat,Area,2014-01-01,762.373
61,Wheat,Production,2014-01-01,1975.625
62,Wheat,Productivity,2014-01-01,2.59
63,Barley,Area,2014-01-01,28.053
64,Barley,Production,2014-01-01,37.354
65,Barley,Productivity,2014-01-01,1.33
66,Millet,Area,2014-01-01,268.05
67,Millet,Production,2014-01-01,308.488
68,Millet,Productivity,2014-01-01,1.15
69,Buck Wheat*,Area,2014-01-01,10.819
70,Buck Wheat*,Production,2014-01-01,10.87
71,Buck Wheat*,Productivity,2014-01-01,1.0
72,paddy,Area,2015-01-01,1362.908
73,paddy,Production,2015-01-01,4299.078
74,paddy,Productivity,2015-01-01,3.15
75,Maize,Area,2015-01-01,891.583
76,Maize,Production,2015-01-01,2231.517
77,Maize,Productivity,2015-01-01,2.5
78,Wheat,Area,2015-01-01,745.823
79,Wheat,Production,2015-01-01,1736.849
80,Wheat,Productivity,2015-01-01,2.33
81,Barley,Area,2015-01-01,28.368
82,Barley,Production,2015-01-01,32.806
83,Barley,Productivity,2015-01-01,1.16
84,Millet,Area,2015-01-01,266.799
85,Millet,Production,2015-01-01,302.397
86,Millet,Productivity,2015-01-01,1.13
87,Buck Wheat*,Area,2015-01-01,10.842
88,Buck Wheat*,Production,2015-01-01,11.64
89,Buck Wheat*,Productivity,2015-01-01,1.07
90,paddy,Area,2016-01-01,1552.469
91,paddy,Production,2016-01-01,5230.327
92,paddy,Productivity,2016-01-01,3.4
93,Maize,Area,2016-01-01,924.321
94,Maize,Production,2016-01-01,2336.675
95,Maize,Productivity,2016-01-01,2.6
96,Wheat,Area,2016-01-01,740.15
97,Wheat,Production,2016-01-01,1856.191
98,Wheat,Productivity,2016-01-01,2.5
99,Barley,Area,2016-01-01,27.386
100,Barley,Production,2016-01-01,30.51
101,Barley,Productivity,2016-01-01,1.1
102,Millet,Area,2016-01-01,263.596
103,Millet,Production,2016-01-01,306.704
104,Millet,Productivity,2016-01-01,1.2
105,Buck Wheat*,Area,2016-01-01,11.07
106,Buck Wheat*,Production,2016-01-01,12.017
107,Buck Wheat*,Productivity,2016-01-01,1.1
108,paddy,Area,2017-01-01,1469.54
109,paddy,Production,2017-01-01,5151.92
110,paddy,Productivity,2017-01-01,3.5
111,Maize,Area,2017-01-01,954.18
112,Maize,Production,2017-01-01,2555.84
113,Maize,Productivity,2017-01-01,2.7
114,Wheat,Area,2017-01-01,706.84
115,Wheat,Production,2017-01-01,1949.0
116,Wheat,Productivity,2017-01-01,2.8
117,Barley,Area,2017-01-01,24.648
118,Barley,Production,2017-01-01,27.154
119,Barley,Productivity,2017-01-01,1.1
120,Millet,Area,2017-01-01,263.497
121,Millet,Production,2017-01-01,313.987
122,Millet,Productivity,2017-01-01,1.2
123,Buck Wheat*,Area,2017-01-01,10.296
124,Buck Wheat*,Production,2017-01-01,11.472
125,Buck Wheat*,Productivity,2017-01-01,1.1
126,paddy,Area,2018-01-01,1491.74
127,paddy,Production,2018-01-01,5610.01
128,paddy,Productivity,2018-01-01,3.76
129,Maize,Area,2018-01-01,956.447
130,Maize,Production,2018-01-01,2713.634756
131,Maize,Productivity,2018-01-01,2.83720347912639
132,Wheat,Area,2018-01-01,703.991689766434
133,Wheat,Production,2018-01-01,2005.6654022989
134,Wheat,Productivity,2018-01-01,2.84899016771679
135,Barley,Area,2018-01-01,24.4085133646602
136,Barley,Production,2018-01-01,30.5496028328599
137,Barley,Productivity,2018-01-01,1.25159621057016
138,Millet,Area,2018-01-01,263.260904840934
139,Millet,Production,2018-01-01,314.225057911523
140,Millet,Productivity,2018-01-01,1.1935880038906
141,Buck Wheat*,Area,2018-01-01,10.3113386736506
142,Buck Wheat*,Production,2018-01-01,11.4641591733842
143,Buck Wheat*,Productivity,2018-01-01,1.1118012448451
144,paddy,Area,2019-01-01,1458.915
145,paddy,Production,2019-01-01,5550.878
146,paddy,Productivity,2019-01-01,3.8
147,Maize,Area,2019-01-01,957.650012980242
148,Maize,Production,2019-01-01,2835.67399051817
149,Maize,Productivity,2019-01-01,2.96107549948592
150,Wheat,Area,2019-01-01,707.505316025701
151,Wheat,Production,2019-01-01,2185.28859655178
152,Wheat,Productivity,2019-01-01,2.92370229393408
153,Barley,Area,2019-01-01,24.4037623584425
154,Barley,Production,2019-01-01,31.1466725105414
155,Barley,Productivity,2019-01-01,1.27630617169021
156,Millet,Area,2019-01-01,262.546700478998
157,Millet,Production,2019-01-01,320.952515510604
158,Millet,Productivity,2019-01-01,1.2224587660978
159,Buck Wheat*,Area,2019-01-01,10.368553832337
160,Buck Wheat*,Production,2019-01-01,11.7235912027729
161,Buck Wheat*,Productivity,2019-01-01,1.13068720984115
162,paddy,Area,2020-01-01,1473.47392
163,paddy,Production,2020-01-01,5621.70970486538
164,paddy,Productivity,2020-01-01,3.81527601443083
165,Maize,Area,2020-01-01,979.775941458529
166,Maize,Production,2020-01-01,2999.73341896623
167,Maize,Productivity,2020-01-01,3.06165245750036
168,Wheat,Area,2020-01-01,711.067
169,Wheat,Production,2020-01-01,2127.276
170,Wheat,Productivity,2020-01-01,2.99166745187162
171,Barley,Area,2020-01-01,21.8617182483326
172,Barley,Production,2020-01-01,29.4333213396886
173,Barley,Productivity,2020-01-01,1.35
174,Millet,Area,2020-01-01,265.401
175,Millet,Production,2020-01-01,326.44323
176,Millet,Productivity,2020-01-01,1.23
177,Buck Wheat*,Area,2020-01-01,13.874731884567
178,Buck Wheat*,Production,2020-01-01,15.9171398351055
179,Buck Wheat*,Productivity,2020-01-01,1.15
180,paddy,Area,2021-01-01,1477.38
181,paddy,Production,2021-01-01,5130.62
182,paddy,Productivity,2021-01-01,3.47
183,Maize,Area,2021-01-01,985.57
184,Maize,Production,2021-01-01,3106.4
185,Maize,Productivity,2021-01-01,3.15
186,Wheat,Area,2021-01-01,716.98
187,Wheat,Production,2021-01-01,2144.57
188,Wheat,Productivity,2021-01-01,2.99
189,Barley,Area,2021-01-01,23.13
190,Barley,Production,2021-01-01,32.16
191,Barley,Productivity,2021-01-01,1.39
192,Millet,Area,2021-01-01,267.07
193,Millet,Production,2021-01-01,339.46
194,Millet,Productivity,2021-01-01,1.27
195,Buck Wheat*,Area,2021-01-01,16.12
196,Buck Wheat*,Production,2021-01-01,19.29
197,Buck Wheat*,Productivity,2021-01-01,1.2
198,paddy,Area,2022-01-01,1447.7894
199,paddy,Production,2022-01-01,5486.47202669122
200,paddy,Productivity,2022-01-01,3.78955117829376
201,Maize,Area,2022-01-01,997.865
202,Maize,Production,2022-01-01,3193.168
203,Maize,Productivity,2022-01-01,3.2
204,Wheat,Area,2022-01-01,711.377
205,Wheat,Production,2022-01-01,2098.56215
206,Wheat,Productivity,2022-01-01,2.95
207,Barley,Area,2022-01-01,22.344
208,Barley,Production,2022-01-01,31.2816
209,Barley,Productivity,2022-01-01,1.4
210,Millet,Area,2022-01-01,275.945
211,Millet,Production,2022-01-01,355.754131490693
212,Millet,Productivity,2022-01-01,1.28922115454418
213,Buck Wheat*,Area,2022-01-01,17.677
214,Buck Wheat*,Production,2022-01-01,21.5723062956877
215,Buck Wheat*,Productivity,2022-01-01,1.22036014570842
216,paddy,Area,2023-01-01,1438.99
217,paddy,Production,2023-01-01,5724.23
218,paddy,Productivity,2023-01-01,3.98
219,Maize,Area,2023-01-01,916.04
220,Maize,Production,2023-01-01,3193.87
221,Maize,Productivity,2023-01-01,3.49
222,Wheat,Area,2023-01-01,681.85
223,Wheat,Production,2023-01-01,2035.56
224,Wheat,Productivity,2023-01-01,2.99
225,Barley,Area,2023-01-01,18.6
226,Barley,Production,2023-01-01,24.93
227,Barley,Productivity,2023-01-01,1.34
228,Millet,Area,2023-01-01,224.94
229,Millet,Production,2023-01-01,300.73
230,Millet,Productivity,2023-01-01,1.34
231,Buck Wheat*,Area,2023-01-01,11.25
232,Buck Wheat*,Production,2023-01-01,14.52
233,Buck Wheat*,Productivity,2023-01-01,1.29
