Date,Fiscal Year,Fiscal Year Overall Index,Fiscal Year Food and Beverages,Cereal Grains & Their Products,Cereal Grains & Pulses and Legumes,Cereal Grains & Pulses and Vegetables,Cereal Grains & Meat & Fish,Cereal Milk Products and Eggs,Cereal Milk Ghee and Oil,Cereal Milk Ghee Fruit,Cereal Sugar & Sugar  Products,Cereal Sugar & Sugar  Spices,Cereal Non- alcoholic Drinks,Cereal Non- Alcoholic Drinks,Cereal Fiscal Year Quarter/ Month,Cereal Fiscal Year Tobacco Products,Cereal Fiscal Year Restaurant & Hotel,Cereal Fiscal Year Non-food & Services,Cereal Fiscal Year Clothes & Footware,Cereal Fiscal Year Housing & Utilities,Furnishing & Household Equipment,Furnishing & Household Health,Furnishing & Transpor- tation,Furnishing & Commu- nication,Furnishing & Recreation & Culture,Furnishing & Recreation Education,Furnishing Miscellaneous Goods & Services,Year
2006-07-01,2006/07,49.8354097840922,40.871882865443,45.1565470743219,43.8176508027687,30.6230837233847,36.9362723223816,42.3020295545495,55.095750458879,35.7601442352815,36.5784067077393,47.4809402030329,49.9274900303411,46.4475699696641,2006/07,32.8105173286577,35.4863870029076,59.1989923084722,46.558639090832,62.858521179695,49.0351720604964,66.2796540416459,58.4097045643163,123.456406578092,64.7746247071438,53.633582675459,54.9430504682411,2006
2007-07-01,2007/08,53.1765940094657,44.6916850024003,51.6985115611005,49.7571277658038,32.9301142460433,39.8468228618563,45.6013521939015,66.632231540879,37.2768327278241,32.9126827596576,49.4156474439035,51.9014795108078,47.4244787070758,2007/08,35.701040879636,37.9941374881082,61.6256430894678,48.1330858233723,66.4895531796584,51.8844510368326,70.0191675965247,59.7530740345168,123.456406578092,67.5470794611461,56.1899497001772,55.9695184710893,2007
2008-07-01,2008/09,59.8589624602127,52.4458833404236,59.3024832697586,61.8975680990517,36.6378418717446,49.132865059228,52.2785527735425,77.5996485336324,43.2761783205481,48.1668243500618,55.3809947699212,61.9158651678097,52.8862866480592,2008/09,41.5743387332195,46.8914987986146,67.1561495205739,52.1816631356185,72.0253888517338,58.731911802544,73.5007836648602,69.6940081140003,123.57986298467,72.2098442746954,60.901685000638,62.6685728054668,2008
2009-07-01,2009/10,65.6001522559249,60.3910717852948,65.2922040011598,77.9976597409897,44.135691070385,59.4237401809422,58.5236991980303,74.0300647010853,52.1403799547413,70.0035024923976,70.5765078909258,73.4709255412734,59.2805983838447,2009/10,46.771131074872,56.4072095438279,70.4293063879632,56.1402720631482,74.3468683271203,62.3624446917466,75.9508097870222,66.4161866067111,123.57986298467,77.502712441427,67.8189134204636,67.3687157658768,2009
2010-07-01,2010/11,71.8589903119063,69.3294087857749,74.3829858204494,72.09553797898,59.5982885020133,64.5518530362072,67.0469493496898,75.8924562658925,62.2516365716918,83.6809886212613,86.940906636623,81.1261530386931,63.0994234482722,2010/11,53.1056826865903,65.1671598688438,74.2668006462817,63.6076479946246,79.8231788844422,65.9010653559061,79.1100539971785,73.1330339577134,110.493483887392,75.6754127171982,71.528151848486,71.3665385138117,2010
2011-07-01,2011/12,77.8354747713772,74.5625377134064,74.6378675537005,72.0581827779546,74.0446939177087,69.4027706019984,76.1593642583764,86.8598732586458,72.8010476420434,91.4066003828096,79.0005456688832,84.7371094054006,65.9857447178976,2011/12,58.8559795380046,72.930880549054,80.9259818592461,73.0093441975076,84.7042382942291,74.7246389600442,82.7206188087857,84.5248070650134,101.481166207191,81.5353739017939,78.4955051119335,78.4437652702912,2011
2012-07-01,2012/13,85.5060808099107,81.7437657308861,81.392233484855,81.0607862250707,78.2742498759161,79.4164504342388,82.718731886612,98.8102191328252,77.3511131196712,103.941011302057,82.9505729523274,94.0774498739504,71.2699328884425,2012/13,66.9740456811776,81.5877726349521,89.0524402886265,81.8712300920911,93.6925306220074,84.6511592646995,88.329889141104,93.7134542411846,99.3824072953638,88.1514591102084,88.0192254000991,86.3313615027034,2012
2013-07-01,2013/14,93.2708047139478,91.2168750305402,90.4405350152695,85.0204375337608,94.3136049382091,93.8652548980598,88.649657107352,99.7414149152288,87.934228378746,99.9993726482053,90.8909339200672,96.4366080335326,83.2592673930404,2013/14,79.5816484035297,90.2103119744776,95.0908503715688,90.9580369484661,98.4545398022874,92.4177422808418,94.841800676324,98.7107886703303,99.8762329216762,94.1374409654406,94.735954445437,92.59821878325,2013
2014-07-01,2014/15,100.000232097447,100.002419945542,99.9986000121861,99.9998731449375,99.9987872976178,99.9982006776672,100.000898092742,100.000080410341,100.00032794164,99.9993726482053,100.0001805125,99.9994183153505,99.9999307568677,2014/15,99.9998147636316,100.000844690672,100.000585672653,99.9998596124827,100.002192785878,100.000500846898,99.9997504071914,100.000423361723,99.9996893282543,99.9974021500362,99.999063025739,99.9995933301026,2014
2015-07-01,2015/16,109.922093052019,110.905361373559,109.190843983423,132.653347019856,110.276459849478,109.784955208284,109.953650442419,119.453966145901,106.534208373887,107.26220914617,113.472428665418,104.711558120192,112.876031009182,2015/16,107.596352650837,109.316267569263,109.162623327169,114.176869830527,112.714000509599,106.269537497916,102.583066664772,102.016193986236,105.111117863375,104.263057711128,110.073646711456,104.46028991533,2015
2016-07-01,2016/17,114.829060462497,113.02614245642,111.086471362636,125.359934422492,107.498402825979,112.366994781698,113.9522263119,112.33867654948,110.555283613667,123.159831473355,119.927243467988,108.498531808568,126.144912602485,2016/17,111.545699904224,117.075664602119,116.268413072198,124.680206408848,121.996317855261,112.941189331233,105.297174832566,100.917639565689,104.856549140552,107.467604080723,120.902571148383,113.827077035852,2016
2017-07-01,2017/18,119.701365903514,116.355081177637,114.097713217235,95.3346790199438,121.108562102511,114.648382547359,121.91284870361,115.377348508824,114.317738713369,122.343360975775,114.235826337266,111.844187076807,135.783539990007,2017/18,117.536138191765,122.877420777063,122.388983320134,132.084662063564,130.328758494446,117.193071855694,107.64969756316,102.895928184325,105.381656001143,111.898536391162,130.617016986821,118.017344004243,2017
2018-07-01,2018/19,125.135493638685,119.718663678088,119.908369668746,89.0946801323986,116.319490282222,120.01983935539,124.912850088392,122.355425345121,121.856374617721,118.243954480951,120.3664558262,115.958135942631,150.558762371013,2018/19,129.780423364482,128.728622647853,129.546060092437,141.003381240402,140.329055289826,123.847145552223,110.061635382247,109.298259448315,103.807038155863,116.907405643132,137.149066529578,124.415636673417,2018
2019-07-01,2019/20,132.838439323451,129.49320373498,124.688519189499,98.1217483517573,143.032091101422,129.526809899917,131.916103733139,127.512026792591,135.896019881311,124.128579300989,137.218870145434,120.913255492979,165.602536580564,2019/20,142.99309423816,134.829670940255,135.51852727399,148.69003987348,146.982054680059,129.466306176676,114.882710517581,111.003845751446,105.644620814326,119.408421190664,144.364595121499,138.537325062279,2019
2020-07-01,2020/21,137.617351453812,135.966998430843,128.289147166824,108.566832757644,149.285846216316,137.225620356557,134.333407226585,149.872839219956,145.167984705793,130.376581088081,131.609635276762,129.177087189956,173.710108755051,2020/21,157.052163319233,139.912613975458,138.920389557711,152.75448817171,148.407828595361,134.217197684902,119.237080447731,118.122391975158,109.492659034735,123.728788133779,143.60276957006,150.798494062621,2020
2021-07-01,2021/22,146.321939268788,143.700482989398,131.345306540436,119.339638906659,147.837110035151,146.294446912939,143.458260059496,189.030690645411,156.066031427844,137.973233021139,129.637611444151,139.40104619997,188.592264481812,2021/22,172.501192882138,148.074627458709,148.407494680484,161.285832851417,156.644467911422,143.735415623024,125.660763348642,136.814498125792,111.800887995818,132.001763209978,156.210051505185,157.035993447826,2021
2022-07-01,2022/23,157.644423650439,153.216294512305,145.398834212314,124.72484251753,146.47935366428,150.828894796042,156.695748092555,189.087529948602,167.540065139976,146.447061572753,145.850729528589,148.986866388753,204.761698024397,2022/23,189.543796398587,169.418560848087,161.202288361965,172.382599875822,170.187818647627,156.090268876777,138.24033644859,155.284008642196,113.305878591678,145.439050501016,169.942450402614,169.525581861405,2022
2023-07-01,2023/24,166.22,163.13,159.72,137.14,158.63,153.96,168.44,168.3,177.96,160.9,184.35,158.92,215.61,2023/24,193.95,181.48,168.68,180.24,177.17,163.51,143.49,154.01,113.8,161.38,183.08,188.83,2023
